Year,Country,Population,Population Percentage
1990,Afghanistan,2729.0,0.03728905687107237
1995,Afghanistan,7893.0,0.10357415472506395
2000,Afghanistan,12580.0,0.1574742630348445
2005,Afghanistan,18617.0,0.20968705302682253
2010,Afghanistan,30840.0,0.28640104857701676
2015,Afghanistan,49550.0,0.3999993541887319
2020,Afghanistan,60879.0,0.4306396667382761
1990,Albania,984.0,0.013445376314083992
1995,Albania,1315.0,0.01725579798092729
2000,Albania,1530.0,0.019152275233967574
2005,Albania,2270.0,0.025567471148460395
2010,Albania,2880.0,0.026745623213417908
2015,Albania,3460.0,0.027931337345974014
2020,Albania,3941.0,0.02787744421911572
1990,Algeria,665.0,0.009086560212262047
1995,Algeria,950.0,0.012466165841734544
2000,Algeria,1170.0,0.014645857531857558
2005,Algeria,1330.0,0.01498006018830499
2010,Algeria,1380.0,0.012815611123096081
2015,Algeria,1600.0,0.01291622536230012
2020,Algeria,1776.0,0.012562887828761613
1990,Samoa,64.0,0.000874496020428227
1995,Samoa,94.0,0.0012334943043400496
2000,Samoa,120.0,0.0015021392340366724
2005,Samoa,120.0,0.0013515843778921794
2010,Samoa,120.0,0.001114400967225746
2015,Samoa,120.0,0.0009687169021725092
2020,Samoa,0.0,0.0
1990,Andorra,297.0,0.004058208094799741
1995,Andorra,142.0,0.0018633637363434793
2000,Andorra,-11.0,-0.00013769609645336166
2005,Andorra,-29.0,-0.00032663289132394335
2010,Andorra,-50.0,-0.0004643337363440609
2015,Andorra,-45.0,-0.0003632688383146909
2020,Andorra,-39.0,-0.00027587422596942737
1990,Angola,310.0,0.004235840098949224
1995,Angola,370.0,0.00485524353835977
2000,Angola,420.0,0.005257487319128354
2005,Angola,450.0,0.005068441417095672
2010,Angola,530.0,0.0049219376052470456
2015,Angola,560.0,0.004520678876805043
2020,Angola,602.0,0.004258366257271673
1990,Anguilla,0.0,0.0
1995,Anguilla,0.0,0.0
2000,Anguilla,0.0,0.0
2005,Anguilla,0.0,0.0
2010,Anguilla,0.0,0.0
2015,Anguilla,0.0,0.0
2020,Anguilla,0.0,0.0
1990,Barbuda,14.0,0.00019129600446867468
1995,Barbuda,8.0,0.00010497823866723827
2000,Barbuda,24.0,0.0003004278468073345
2005,Barbuda,23.0,0.0002590536724293344
2010,Barbuda,33.0,0.00030646026598708017
2015,Barbuda,53.0,0.00042784996512619153
2020,Barbuda,57.0,0.0004032007918014707
1990,Argentina,12530.0,0.17120992399946383
1995,Argentina,11941.0,0.15669314349068653
2000,Argentina,11445.0,0.14326652944624763
2005,Argentina,12662.0,0.14261467827392313
2010,Argentina,13456.0,0.12496149512491368
2015,Argentina,15235.0,0.12298668337165147
2020,Argentina,17624.0,0.12466685534577404
1990,Armenia,388.0,0.005301632123846127
1995,Armenia,710.0,0.009316818681717397
2000,Armenia,980.0,0.012267470411299494
2005,Armenia,1110.0,0.01250215549550266
2010,Armenia,1200.0,0.011144009672257461
2015,Armenia,1460.0,0.01178605564309886
2020,Armenia,1658.0,0.011728191452751552
1990,Aruba,26.0,0.00035526400829896725
1995,Aruba,28.0,0.0003674238353353339
2000,Aruba,60.0,0.0007510696170183362
2005,Aruba,50.0,0.0005631601574550747
2010,Aruba,60.0,0.000557200483612873
2015,Aruba,70.0,0.0005650848596006304
2020,Aruba,75.0,0.0005305273576335141
1990,Australia,3654200.0,49.930989966387926
1995,Australia,3812018.0,50.02236692597604
2000,Australia,4004414.0,50.12656148938106
2005,Australia,4449261.0,50.11293050637447
2010,Australia,5396031.0,50.11118471316759
2015,Australia,6211572.0,50.1437898788458
2020,Australia,7087095.0,50.13197044863587
1990,Austria,21606.0,0.2952243908964418
1995,Austria,21618.0,0.2836774454385446
2000,Austria,19917.0,0.24931755936923672
2005,Austria,19127.0,0.21543128663286426
2010,Austria,18038.0,0.16751303872348342
2015,Austria,15803.0,0.127571943375268
2020,Austria,15869.0,0.1122525151771498
1990,Azerbaijan,99.0,0.0013527360315999137
1995,Azerbaijan,128.0,0.0016796518186758124
2000,Azerbaijan,190.0,0.002378387120558065
2005,Azerbaijan,300.0,0.0033789609447304482
2010,Azerbaijan,420.0,0.0039004033852901117
2015,Azerbaijan,650.0,0.005247216553434424
2020,Azerbaijan,753.0,0.005326494670640482
1990,Bahamas,151.0,0.002063264048197848
1995,Bahamas,184.0,0.0024144994893464805
2000,Bahamas,205.0,0.002566154524812649
2005,Bahamas,199.0,0.002241377426671197
2010,Bahamas,203.0,0.0018851949695568872
2015,Bahamas,227.0,0.0018324894732763299
2020,Bahamas,244.0,0.0017259823368343658
1990,Bahrain,493.0,0.006736352157361187
1995,Bahrain,650.0,0.00852948189171311
2000,Bahrain,770.0,0.009638726751735315
2005,Bahrain,1080.0,0.012164259401029614
2010,Bahrain,1330.0,0.012351277386752018
2015,Bahrain,1730.0,0.013965668672987007
2020,Bahrain,2055.0,0.014536449599158285
1990,Bangladesh,2315.0,0.03163216073892728
1995,Bangladesh,5562.0,0.0729861204333974
2000,Bangladesh,8490.0,0.10627635080809458
2005,Bangladesh,16128.0,0.1816529403887089
2010,Bangladesh,29550.0,0.27442123817934
2015,Bangladesh,43090.0,0.34785009428844516
2020,Bangladesh,52907.0,0.3742481454708844
1990,Barbados,277.0,0.0037849280884159203
1995,Barbados,319.0,0.004186007266856126
2000,Barbados,341.0,0.004268578990054212
2005,Barbados,355.0,0.003998437117931031
2010,Barbados,407.0,0.0037796766138406554
2015,Barbados,426.0,0.0034389450027124072
2020,Barbados,460.0,0.0032539011268188866
1990,Belarus,239.0,0.0032656960762866604
1995,Belarus,804.0,0.010550312986057447
2000,Belarus,1332.0,0.016673745497807067
2005,Belarus,1573.0,0.01771701855353665
2010,Belarus,1814.0,0.01684602795456253
2015,Belarus,2152.0,0.017372323112293662
2020,Belarus,2407.0,0.01702639133098491
1990,Belgium,3939.0,0.05382249725729354
1995,Belgium,4190.0,0.05498235250196604
2000,Belgium,4147.0,0.051911428362917345
2005,Belgium,4517.0,0.050875888624491446
2010,Belgium,5142.0,0.04775208144562322
2015,Belgium,5803.0,0.046845534860892254
2020,Belgium,6469.0,0.04575975302041604
1990,Belize,34.0,0.0004645760108524956
1995,Belize,17.0,0.00022307875716788133
2000,Belize,50.0,0.0006258913475152803
2005,Belize,60.0,0.0006757921889460897
2010,Belize,60.0,0.000557200483612873
2015,Belize,80.0,0.0006458112681150061
2020,Belize,85.0,0.000601264338651316
1990,Benin,17.0,0.0002322880054262478
1995,Benin,13.0,0.0001705896378342622
2000,Benin,30.0,0.0003755348085091681
2005,Benin,30.0,0.00033789609447304486
2010,Benin,80.0,0.0007429339781504974
2015,Benin,110.0,0.0008879904936581333
2020,Benin,117.0,0.0008276226779082821
1990,Bermuda,314.0,0.0042904961002259885
1995,Bermuda,348.0,0.004566553382024865
2000,Bermuda,367.0,0.004594042490762156
2005,Bermuda,390.0,0.004392649228149584
2010,Bermuda,418.0,0.0038818300358363493
2015,Bermuda,447.0,0.003608470460592596
2020,Bermuda,447.0,0.0031619430514957443
1990,Bhutan,13.0,0.00017763200414948362
1995,Bhutan,18.0,0.0002362010370012861
2000,Bhutan,53.0,0.000663444828366197
2005,Bhutan,109.0,0.0012276891432520631
2010,Bhutan,1665.0,0.015462313420257228
2015,Bhutan,5823.0,0.047006987677921004
2020,Bhutan,7910.0,0.05595295198508129
1990,Bolivia,435.0,0.0059438401388481055
1995,Bolivia,507.0,0.006652995875536225
2000,Bolivia,546.0,0.00683473351486686
2005,Bolivia,595.0,0.006701605873715389
2010,Bolivia,664.0,0.006166352018649129
2015,Bolivia,821.0,0.006627638139030249
2020,Bolivia,930.0,0.006578539234655575
1990,Saba,0.0,0.0
1995,Saba,0.0,0.0
2000,Saba,0.0,0.0
2005,Saba,0.0,0.0
2010,Saba,0.0,0.0
2015,Saba,0.0,0.0
2020,Saba,0.0,0.0
1990,Herzegovina,22312.0,0.3048711751217906
1995,Herzegovina,26278.0,0.34482726946221093
2000,Herzegovina,28650.0,0.3586357421262556
2005,Herzegovina,38394.0,0.4324394217066028
2010,Herzegovina,39730.0,0.3689595868989908
2015,Herzegovina,36750.0,0.29666955129033096
2020,Herzegovina,38485.0,0.27223127144701054
1990,Botswana,33.0,0.00045091201053330457
1995,Botswana,302.0,0.003962928509688245
2000,Botswana,556.0,0.006959911784369916
2005,Botswana,745.0,0.008391086346080615
2010,Botswana,782.0,0.0072621796364211125
2015,Botswana,953.0,0.00769322673142001
2020,Botswana,1148.0,0.008120605420843656
1990,Brazil,2629.0,0.035922656839153265
1995,Brazil,3588.0,0.04708274004225636
2000,Brazil,4303.0,0.05386420936716502
2005,Brazil,7010.0,0.07895505407520148
2010,Brazil,15965.0,0.14826176201465865
2015,Brazil,26101.0,0.21070399886337216
2020,Brazil,42574.0,0.3011556229851897
1990,Islands,-6.0,-8.198400191514628e-05
1995,Islands,-11.0,-0.00014434507816745264
2000,Islands,-16.0,-0.00020028523120488968
2005,Islands,-19.0,-0.0002140008598329284
2010,Islands,-21.0,-0.00019502016926450556
2015,Islands,-24.0,-0.00019374338043450182
2020,Islands,-27.0,-0.00019098984874806507
1990,Brunei,1358.0,0.018555712433461442
1995,Brunei,1539.0,0.02019518866360996
2000,Brunei,1618.0,0.020253844005594466
2005,Brunei,2077.0,0.023393672940683806
2010,Brunei,2536.0,0.023551007107370767
2015,Brunei,2375.0,0.019172522022164244
2020,Brunei,2735.0,0.019346564308368813
1990,Bulgaria,1742.0,0.023802688556030804
1995,Bulgaria,2425.0,0.0318215285960066
2000,Bulgaria,2954.0,0.03697766081120275
2005,Bulgaria,3341.0,0.037630361721148094
2010,Bulgaria,3471.0,0.03223404797700471
2015,Bulgaria,3730.0,0.030110950375862162
2020,Bulgaria,4066.0,0.028761656481838246
1990,Faso,30.0,0.0004099200095757314
1995,Faso,15.0,0.00019683419750107176
2000,Faso,10.0,0.00012517826950305603
2005,Faso,20.0,0.00022526406298202991
2010,Faso,40.0,0.0003714669890752487
2015,Faso,60.0,0.0004843584510862546
2020,Faso,63.0,0.0004456429804121518
1990,Burundi,15.0,0.0002049600047878657
1995,Burundi,7.0,9.185595883383348e-05
2000,Burundi,30.0,0.0003755348085091681
2005,Burundi,430.0,0.004843177354113643
2010,Burundi,1860.0,0.017273214991999065
2015,Burundi,2390.0,0.019293611634935807
2020,Burundi,2789.0,0.019728544005864945
1990,Cambodia,20597.0,0.281437414574378
1995,Cambodia,23168.0,0.30401697918032206
2000,Cambodia,24741.0,0.309703556577511
2005,Cambodia,27427.0,0.3089158727704067
2010,Cambodia,31591.0,0.29337534129690457
2015,Cambodia,34304.0,0.2769238717677146
2020,Cambodia,38846.0,0.2747848764617532
1990,Cameroon,68.0,0.0009291520217049912
1995,Cameroon,55.0,0.0007217253908372632
2000,Cameroon,70.0,0.0008762478865213922
2005,Cameroon,130.0,0.0014642164093831944
2010,Cameroon,270.0,0.002507402176257929
2015,Cameroon,450.0,0.003632688383146909
2020,Cameroon,548.0,0.0038763865597755427
1990,Canada,14062.0,0.19214317248846452
1995,Canada,12045.0,0.15805786059336063
2000,Canada,11511.0,0.14409270602496782
2005,Canada,15191.0,0.1710993190380008
2010,Canada,25560.0,0.23736740601908393
2015,Canada,31610.0,0.25517617731394177
2020,Canada,36112.0,0.25544538585148613
1990,Verde,20.0,0.000273280006383821
1995,Verde,10.0,0.00013122279833404783
2000,Verde,30.0,0.0003755348085091681
2005,Verde,30.0,0.00033789609447304486
2010,Verde,30.0,0.0002786002418064365
2015,Verde,40.0,0.0003229056340575031
2020,Verde,42.0,0.0002970953202747679
1990,Caribbean,2634.0,0.03599097684074922
1995,Caribbean,3301.0,0.04331664573006919
2000,Caribbean,3976.0,0.049770879954415086
2005,Caribbean,4360.0,0.04910756573008252
2010,Caribbean,4870.0,0.04522610591991153
2015,Caribbean,5685.0,0.045892963240422614
2020,Caribbean,6184.0,0.04374374906140868
1990,Islands.2,-20.0,-0.000273280006383821
1995,Islands.2,-44.0,-0.0005773803126698106
2000,Islands.2,-57.0,-0.0007135161361674194
2005,Islands.2,-79.0,-0.0008897930487790181
2010,Islands.2,-93.0,-0.0008636607495999533
2015,Islands.2,-57.0,-0.0004601405285319418
2020,Islands.2,-48.0,-0.000339537508885449
1990,Republic,-3.0,-4.099200095757314e-05
1995,Republic,-10.0,-0.00013122279833404783
2000,Republic,-6.0,-7.510696170183363e-05
2005,Republic,-3.0,-3.378960944730449e-05
2010,Republic,7.0,6.500672308816852e-05
2015,Republic,20.0,0.00016145281702875154
2020,Republic,32.0,0.00022635833925696602
1990,Chad,15.0,0.0002049600047878657
1995,Chad,12.0,0.00015746735800085742
2000,Chad,40.0,0.0005007130780122241
2005,Chad,40.0,0.00045052812596405983
2010,Chad,60.0,0.000557200483612873
2015,Chad,70.0,0.0005650848596006304
2020,Chad,63.0,0.0004456429804121518
1990,Islands.4,0.0,0.0
1995,Islands.4,0.0,0.0
2000,Islands.4,0.0,0.0
2005,Islands.4,0.0,0.0
2010,Islands.4,0.0,0.0
2015,Islands.4,0.0,0.0
2020,Islands.4,0.0,0.0
1990,Chile,29145.0,0.3982372893028231
1995,Chile,27782.0,0.3645631783316517
2000,Chile,26080.0,0.3264649268639701
2005,Chile,26866.0,0.30259721580376076
2010,Chile,28280.0,0.26262716127620084
2015,Chile,30180.0,0.24363230089638602
2020,Chile,34316.0,0.24274102406068895
1990,China,96915.0,1.3242465909344003
1995,China,107232.0,1.4071283110956618
2000,China,143035.0,1.790487377836962
2005,China,225169.0,2.5361241898800344
2010,China,368529.0,3.4224089504228083
2015,China,505144.0,4.077846090258583
2020,China,649180.0,4.592103333713663
1990,Colombia,2106.0,0.028776384672216347
1995,Colombia,3146.0,0.04128269235589145
2000,Colombia,4000.0,0.05007130780122242
2005,Colombia,5810.0,0.06543921029627969
2010,Colombia,12410.0,0.11524763336059592
2015,Colombia,19810.0,0.15991901526697838
2020,Colombia,28338.0,0.20045445680824694
1990,Comoros,0.0,0.0
1995,Comoros,0.0,0.0
2000,Comoros,0.0,0.0
2005,Comoros,0.0,0.0
2010,Comoros,0.0,0.0
2015,Comoros,0.0,0.0
2020,Comoros,0.0,0.0
1990,Congo,134.0,0.0018309760427716005
1995,Congo,130.0,0.0017058963783426221
2000,Congo,130.0,0.0016273175035397284
2005,Congo,710.0,0.007996874235862062
2010,Congo,1030.0,0.009565274968687655
2015,Congo,1610.0,0.012996951770814499
2020,Congo,1884.0,0.013326847223753872
1990,Islands.6,2180.0,0.029787520695836484
1995,Islands.6,3442.0,0.04516688718657927
2000,Islands.6,4476.0,0.05602979342956789
2005,Islands.6,5230.0,0.05890655246980082
2010,Islands.6,6294.0,0.05845033073099039
2015,Islands.6,7652.0,0.061771847795200334
2020,Islands.6,8319.0,0.05884609450870938
1990,Rica,163.0,0.002227232052028141
1995,Rica,257.0,0.0033724259171850294
2000,Rica,299.0,0.003742830258141376
2005,Rica,346.0,0.003897068289589117
2010,Rica,373.0,0.0034639296731266943
2015,Rica,433.0,0.0034954534886724705
2020,Rica,501.0,0.0035439227489918747
1990,d'Ivoire,0.0,0.0
1995,d'Ivoire,0.0,0.0
2000,d'Ivoire,0.0,0.0
2005,d'Ivoire,0.0,0.0
2010,d'Ivoire,0.0,0.0
2015,d'Ivoire,0.0,0.0
2020,d'Ivoire,0.0,0.0
1990,Croatia,47871.0,0.6541093592799947
1995,Croatia,54272.0,0.7121723711185445
2000,Croatia,57457.0,0.7192367830837091
2005,Croatia,68320.0,0.7695020391466141
2010,Croatia,66905.0,0.6213249726019878
2015,Croatia,60225.0,0.48617479527782803
2020,Croatia,62158.0,0.43968692661045294
1990,Cuba,361.0,0.004932704115227968
1995,Cuba,438.0,0.005747558567031296
2000,Cuba,510.0,0.006384091744655858
2005,Cuba,610.0,0.006870553920951912
2010,Cuba,750.0,0.006965006045160913
2015,Cuba,880.0,0.0071039239492650666
2020,Cuba,990.0,0.0070029611207623865
1990,Curacao,35.0,0.0004782400111716866
1995,Curacao,54.0,0.0007086031110038584
2000,Curacao,90.0,0.0011266044255275043
2005,Curacao,100.0,0.0011263203149101495
2010,Curacao,120.0,0.001114400967225746
2015,Curacao,150.0,0.0012108961277156364
2020,Curacao,160.0,0.00113179169628483
1990,Cyprus,23295.0,0.31830288743555546
1995,Cyprus,22870.0,0.3001065397899674
2000,Cyprus,21455.0,0.2685699772188067
2005,Cyprus,20410.0,0.2298819762731615
2010,Cyprus,18224.0,0.16924036022268332
2015,Cyprus,17230.0,0.13909160187026945
2020,Cyprus,17923.0,0.1267818910782063
1990,Czechia,17704.0,0.24190746165095833
1995,Czechia,15836.0,0.20780442344179817
2000,Czechia,12997.0,0.16269419687312195
2005,Czechia,13429.0,0.15125355508928398
2010,Czechia,13221.0,0.12277912656409658
2015,Czechia,12689.0,0.10243373976389139
2020,Czechia,13344.0,0.09439142747015483
1990,Congo.2,255.0,0.0034843200813937172
1995,Congo.2,291.0,0.0038185834315207926
2000,Congo.2,310.0,0.0038805263545947373
2005,Congo.2,360.0,0.004054753133676538
2010,Congo.2,2470.0,0.02293808657539661
2015,Congo.2,4270.0,0.03447017643563845
2020,Congo.2,5535.0,0.03915291899335334
1990,Denmark,8758.0,0.1196693147954752
1995,Denmark,8696.0,0.11411134543128801
2000,Denmark,8282.0,0.10367264280243102
2005,Denmark,8374.0,0.09431806317057592
2010,Denmark,8150.0,0.07568639902408192
2015,Denmark,7352.0,0.059350055539769055
2020,Denmark,7170.0,0.050718415389763946
1990,Djibouti,34.0,0.0004645760108524956
1995,Djibouti,63.0,0.0008267036295045014
2000,Djibouti,80.0,0.0010014261560244483
2005,Djibouti,120.0,0.0013515843778921794
2010,Djibouti,130.0,0.0012072677144945583
2015,Djibouti,190.0,0.0015338017617731396
2020,Djibouti,214.0,0.0015137713937809602
1990,Dominica,3.0,4.099200095757314e-05
1995,Dominica,-1.0,-1.3122279833404784e-05
2000,Dominica,15.0,0.00018776740425458405
2005,Dominica,15.0,0.00016894804723652243
2010,Dominica,24.0,0.00022288019344514926
2015,Dominica,33.0,0.00026639714809744
2020,Dominica,36.0,0.0002546531316640868
1990,Republic.2,-44.0,-0.0006012160140444061
1995,Republic.2,-33.0,-0.0004330352345023579
2000,Republic.2,-12.0,-0.00015021392340366726
2005,Republic.2,50.0,0.0005631601574550747
2010,Republic.2,101.0,0.0009379541474150031
2015,Republic.2,170.0,0.0013723489447443878
2020,Republic.2,194.0,0.0013722974317453565
1990,Ecuador,960.0,0.013117440306423405
1995,Ecuador,1176.0,0.015431801084084026
2000,Ecuador,1305.0,0.016335764170148814
2005,Ecuador,1464.0,0.016489329410284588
2010,Ecuador,1644.0,0.015267293250992723
2015,Ecuador,2437.0,0.01967302575495337
2020,Ecuador,2560.0,0.01810866714055728
1990,Egypt,40103.0,0.5479674048005186
1995,Egypt,39483.0,0.5181069746623211
2000,Egypt,37256.0,0.4663641608605855
2005,Egypt,38324.0,0.4316509974861657
2010,Egypt,41389.0,0.3843661802708867
2015,Egypt,44377.0,0.3582395830642453
2020,Egypt,48786.0,0.3450974355934483
1990,Salvador,8741.0,0.11943702679004894
1995,Salvador,10001.0,0.13123592061388126
2000,Salvador,10649.0,0.13330233919380435
2005,Salvador,10725.0,0.12079785377411352
2010,Salvador,10934.0,0.10154050146371923
2015,Salvador,11323.0,0.09140651236082767
2020,Salvador,12283.0,0.08688623378416606
1990,Guinea,0.0,0.0
1995,Guinea,0.0,0.0
2000,Guinea,0.0,0.0
2005,Guinea,0.0,0.0
2010,Guinea,0.0,0.0
2015,Guinea,0.0,0.0
2020,Guinea,0.0,0.0
1990,Eritrea,1272.0,0.017380608406011012
1995,Eritrea,1562.0,0.020497001099778273
2000,Eritrea,1780.0,0.022281731971543973
2005,Eritrea,2280.0,0.02568010317995141
2010,Eritrea,3090.0,0.028695824906062962
2015,Eritrea,4660.0,0.0376185063676991
2020,Eritrea,5879.0,0.04158627114036573
1990,Estonia,2731.0,0.03731638487171075
1995,Estonia,2556.0,0.03354054725418263
2000,Estonia,1970.0,0.024660119092102042
2005,Estonia,1660.0,0.01869691722750848
2010,Estonia,2177.0,0.02021709088042041
2015,Estonia,3342.0,0.02697876572550438
2020,Estonia,3666.0,0.025932177241126172
1990,Eswatini,109.0,0.001489376034791824
1995,Eswatini,172.0,0.0022570321313456227
2000,Eswatini,224.0,0.0028039932368684553
2005,Eswatini,240.0,0.002703168755784359
2010,Eswatini,296.0,0.0027488557191568406
2015,Eswatini,335.0,0.002704334685231588
2020,Eswatini,354.0,0.0025040891280301864
1990,Ethiopia,1336.0,0.01825510442643924
1995,Ethiopia,2563.0,0.033632403213016464
2000,Ethiopia,3640.0,0.0455648900991124
2005,Ethiopia,6109.0,0.06880690803786103
2010,Ethiopia,8970.0,0.08330147230012452
2015,Ethiopia,13130.0,0.10599377437937538
2020,Ethiopia,15951.0,0.11283255842149578
1990,Islands.8,17.0,0.0002322880054262478
1995,Islands.8,19.0,0.0002493233168346909
2000,Islands.8,30.0,0.0003755348085091681
2005,Islands.8,40.0,0.00045052812596405983
2010,Islands.8,40.0,0.0003714669890752487
2015,Islands.8,30.0,0.0002421792255431273
2020,Islands.8,20.0,0.00014147396203560375
1990,Islands.10,71.0,0.0009701440226625644
1995,Islands.10,103.0,0.0013515948228406927
2000,Islands.10,120.0,0.0015021392340366724
2005,Islands.10,106.0,0.0011938995338047584
2010,Islands.10,92.0,0.000854374074873072
2015,Islands.10,78.0,0.0006296659864121309
2020,Islands.10,66.0,0.00046686407471749244
1990,Fiji,36166.0,0.4941722355438634
1995,Fiji,38939.0,0.5109684544329489
2000,Fiji,45211.0,0.5659434742502667
2005,Fiji,53055.0,0.5975692430755798
2010,Fiji,62128.0,0.5769625274316763
2015,Fiji,70713.0,0.5708406525277053
2020,Fiji,78919.0,0.5582491804943907
1990,Finland,9266.0,0.12661062695762426
1995,Finland,9154.0,0.12012134959498738
2000,Finland,8868.0,0.11100808939531011
2005,Finland,8715.0,0.09815881544441953
2010,Finland,8604.0,0.07990254935008599
2015,Finland,8175.0,0.06599383896050219
2020,Finland,8534.0,0.060366939600592126
1990,France,11602.0,0.15852973170325452
1995,France,12327.0,0.16175834350638077
2000,France,13925.0,0.17431074028300553
2005,France,15711.0,0.1769561846755336
2010,France,20281.0,0.188343050135878
2015,France,27982.0,0.22588863630492623
2020,France,31921.0,0.2257995171069254
1990,Guiana,6.0,8.198400191514628e-05
1995,Guiana,3.0,3.9366839500214356e-05
2000,Guiana,10.0,0.00012517826950305603
2005,Guiana,10.0,0.00011263203149101496
2010,Guiana,10.0,9.286674726881218e-05
2015,Guiana,20.0,0.00016145281702875154
2020,Guiana,20.0,0.00014147396203560375
1990,Polynesia,173.0,0.002363872055220051
1995,Polynesia,248.0,0.003254325398684386
2000,Polynesia,276.0,0.0034549202382843465
2005,Polynesia,313.0,0.003525382585668768
2010,Polynesia,396.0,0.003677523191844962
2015,Polynesia,460.0,0.003713414791661285
2020,Polynesia,520.0,0.0036783230129256977
1990,Gabon,20.0,0.000273280006383821
1995,Gabon,10.0,0.00013122279833404783
2000,Gabon,20.0,0.00025035653900611207
2005,Gabon,30.0,0.00033789609447304486
2010,Gabon,30.0,0.0002786002418064365
2015,Gabon,50.0,0.00040363204257187876
2020,Gabon,63.0,0.0004456429804121518
1990,Gambia,18.0,0.00024595200574543887
1995,Gambia,9.0,0.00011810051850064305
2000,Gambia,30.0,0.0003755348085091681
2005,Gambia,80.0,0.0009010562519281197
2010,Gambia,100.0,0.0009286674726881218
2015,Gambia,130.0,0.0010494433106868848
2020,Gambia,138.0,0.000976170338045666
1990,Georgia,17.0,0.0002322880054262478
1995,Georgia,168.0,0.002204543012012004
2000,Georgia,290.0,0.0036301698155886248
2005,Georgia,400.0,0.004505281259640598
2010,Georgia,490.0,0.004550470616171797
2015,Georgia,620.0,0.005005037327891297
2020,Georgia,720.0,0.005093062633281735
1990,Germany,120247.0,1.643055046381766
1995,Germany,118256.0,1.5517883239791161
2000,Germany,111573.0,1.3966515063264473
2005,Germany,113451.0,1.2778216604687138
2010,Germany,115071.0,1.0686269474969485
2015,Germany,107617.0,0.8687533905091576
2020,Germany,109407.0,0.7739120882214651
1990,Ghana,977.0,0.013349728311849652
1995,Ghana,1608.0,0.021100625972114893
2000,Ghana,2141.0,0.026800667500604298
2005,Ghana,2793.0,0.031458126395440475
2010,Ghana,4183.0,0.03884616038254413
2015,Ghana,5867.0,0.04736218387538425
2020,Ghana,7157.0,0.05062645731444081
1990,Gibraltar,409.0,0.005588576130549138
1995,Gibraltar,447.0,0.005865659085531939
2000,Gibraltar,480.0,0.00600855693614669
2005,Gibraltar,490.0,0.005518969543059733
2010,Gibraltar,480.0,0.004457603868902984
2015,Gibraltar,490.0,0.003955594017204412
2020,Gibraltar,515.0,0.0036429545224167972
1990,Greece,128447.0,1.7550998489991323
1995,Greece,123189.0,1.6165205303973018
2000,Greece,110513.0,1.3833826097591233
2005,Greece,108521.0,1.2222940689436432
2010,Greece,101103.0,0.9389106749118717
2015,Greece,95638.0,0.7720512257497869
2020,Greece,99201.0,0.7017179253946965
1990,Greenland,0.0,0.0
1995,Greenland,0.0,0.0
2000,Greenland,0.0,0.0
2005,Greenland,0.0,0.0
2010,Greenland,0.0,0.0
2015,Greenland,0.0,0.0
2020,Greenland,0.0,0.0
1990,Grenada,89.0,0.0012160960284080032
1995,Grenada,92.0,0.0012072497446732403
2000,Grenada,130.0,0.0016273175035397284
2005,Grenada,130.0,0.0014642164093831944
2010,Grenada,130.0,0.0012072677144945583
2015,Grenada,140.0,0.0011301697192012607
2020,Grenada,150.0,0.0010610547152670282
1990,Guadeloupe,9.0,0.00012297600287271943
1995,Guadeloupe,4.0,5.2489119333619136e-05
2000,Guadeloupe,10.0,0.00012517826950305603
2005,Guadeloupe,20.0,0.00022526406298202991
2010,Guadeloupe,20.0,0.00018573349453762436
2015,Guadeloupe,20.0,0.00016145281702875154
2020,Guadeloupe,20.0,0.00014147396203560375
1990,Guam,40.0,0.000546560012767642
1995,Guam,36.0,0.0004724020740025722
2000,Guam,50.0,0.0006258913475152803
2005,Guam,80.0,0.0009010562519281197
2010,Guam,100.0,0.0009286674726881218
2015,Guam,120.0,0.0009687169021725092
2020,Guam,127.0,0.0008983596589260839
1990,Guatemala,170.0,0.002322880054262478
1995,Guatemala,230.0,0.0030181243616831006
2000,Guatemala,266.0,0.0033297419687812906
2005,Guatemala,297.0,0.0033451713352831438
2010,Guatemala,349.0,0.0032410494796815447
2015,Guatemala,473.0,0.0038183591227299732
2020,Guatemala,539.0,0.0038127232768595215
1990,Guinea.2,33.0,0.00045091201053330457
1995,Guinea.2,17.0,0.00022307875716788133
2000,Guinea.2,30.0,0.0003755348085091681
2005,Guinea.2,220.0,0.002477904692802329
2010,Guinea.2,660.0,0.006129205319741604
2015,Guinea.2,930.0,0.007507555991836945
2020,Guinea.2,1121.0,0.00792961557209559
1990,Guinea-Bissau,13.0,0.00017763200414948362
1995,Guinea-Bissau,11.0,0.00014434507816745264
2000,Guinea-Bissau,20.0,0.00025035653900611207
2005,Guinea-Bissau,20.0,0.00022526406298202991
2010,Guinea-Bissau,20.0,0.00018573349453762436
2015,Guinea-Bissau,20.0,0.00016145281702875154
2020,Guinea-Bissau,20.0,0.00014147396203560375
1990,Guyana,426.0,0.005820864135975387
1995,Guyana,492.0,0.006456161678035154
2000,Guyana,520.0,0.006509270014158914
2005,Guyana,560.0,0.0063073937634968375
2010,Guyana,600.0,0.005572004836128731
2015,Guyana,660.0,0.0053279429619488
2020,Guyana,709.0,0.005015251954162153
1990,Haiti,43.0,0.0005875520137252151
1995,Haiti,53.0,0.0006954808311704536
2000,Haiti,90.0,0.0011266044255275043
2005,Haiti,90.0,0.0010136882834191345
2010,Haiti,100.0,0.0009286674726881218
2015,Haiti,120.0,0.0009687169021725092
2020,Haiti,138.0,0.000976170338045666
1990,Honduras,124.0,0.0016943360395796898
1995,Honduras,146.0,0.0019158528556770984
2000,Honduras,180.0,0.0022532088510550086
2005,Honduras,230.0,0.0025905367242933437
2010,Honduras,240.0,0.002228801934451492
2015,Honduras,320.0,0.0025832450724600246
2020,Honduras,343.0,0.0024262784489106045
1990,Kong,51760.0,0.7072486565213286
1995,Kong,61884.0,0.8120591652104217
2000,Kong,67914.0,0.8501356995030548
2005,Kong,71642.0,0.8069184000079292
2010,Kong,76557.0,0.7109599570658454
2015,Kong,85952.0,0.6938596264627626
2020,Kong,97581.0,0.6902585344698126
1990,Hungary,28271.0,0.38629495302385014
1995,Hungary,27942.0,0.36666274310499647
2000,Hungary,25488.0,0.31905437330938924
2005,Hungary,23547.0,0.26521464455189286
2010,Hungary,21908.0,0.2034524699165137
2015,Hungary,20214.0,0.16318036217095916
2020,Hungary,20791.0,0.1470692572341119
1990,Iceland,282.0,0.0038532480900118756
1995,Iceland,419.0,0.0054982352501966045
2000,Iceland,499.0,0.006246395648202496
2005,Iceland,595.0,0.006701605873715389
2010,Iceland,614.0,0.005702018282305068
2015,Iceland,489.0,0.003947521376352975
2020,Iceland,441.0,0.0031195008628850628
1990,India,66812.0,0.9129191893257923
1995,India,76333.0,1.0016629865232873
2000,India,89868.0,1.1249520723700641
2005,India,146090.0,1.6454413480522372
2010,India,325110.0,3.019190820456353
2015,India,444941.0,3.5918488930794865
2020,India,575431.0,4.070425172405476
1990,Indonesia,33139.0,0.4528113065776721
1995,Indonesia,41706.0,0.5472778027319799
2000,Indonesia,56722.0,0.7100361802752345
2005,Indonesia,54561.0,0.6145316270181267
2010,Indonesia,61374.0,0.5699603746876079
2015,Indonesia,66156.0,0.5340536281677043
2020,Indonesia,77452.0,0.5478720653790791
1990,Iran,17599.0,0.24047274161744323
1995,Iran,19260.0,0.25273510959137613
2000,Iran,21360.0,0.2673807836585277
2005,Iran,26716.0,0.30090773533139553
2010,Iran,36480.0,0.33877789403662684
2015,Iran,61690.0,0.49800121412518406
2020,Iran,74322.0,0.5257313903205071
1990,Iraq,5202.0,0.07108012966043183
1995,Iraq,16334.0,0.21433931879883375
2000,Iraq,26480.0,0.3314720576440924
2005,Iraq,37094.0,0.4177972576127708
2010,Iraq,51830.0,0.48132835109425354
2015,Iraq,70870.0,0.572108057141381
2020,Iraq,90780.0,0.6421503136796055
1990,Ireland,51467.0,0.7032451044278056
1995,Ireland,52517.0,0.6891427700109191
2000,Ireland,49313.0,0.6172916004004203
2005,Ireland,49845.0,0.561414360966964
2010,Ireland,64508.0,0.5990648132816536
2015,Ireland,83929.0,0.6775286740203044
2020,Ireland,86174.0,0.6095688602228059
1990,Man,608.0,0.008307712194068157
1995,Man,597.0,0.007834001060542656
2000,Man,553.0,0.006922358303518999
2005,Man,502.0,0.00565412798084895
2010,Man,524.0,0.004866217556885759
2015,Man,622.0,0.005021182609594173
2020,Man,810.0,0.005729695462441952
1990,Israel,5654.0,0.07725625780470619
1995,Israel,4923.0,0.06460098361985175
2000,Israel,4749.0,0.05944716018700131
2005,Israel,6067.0,0.06833385350559877
2010,Israel,7533.0,0.06995652071759621
2015,Israel,7974.0,0.06437123814936323
2020,Israel,9496.0,0.06717183717450467
1990,Italy,263036.0,3.594123987958736
1995,Italy,254051.0,3.333728313956319
2000,Italy,228814.0,2.8642540558072263
2005,Italy,207976.0,2.3424759381375324
2010,Italy,184563.0,1.7139765476173783
2015,Italy,179197.0,1.4465930226550592
2020,Italy,186385.0,1.3184312207003004
1990,Jamaica,662.0,0.009045568211304473
1995,Jamaica,830.0,0.010891492261725972
2000,Jamaica,930.0,0.011641579063784211
2005,Jamaica,1000.0,0.011263203149101494
2010,Jamaica,1090.0,0.010122475452300527
2015,Jamaica,1290.0,0.010413706698354473
2020,Jamaica,1409.0,0.009966840625408285
1990,Japan,17776.0,0.24289126967394006
1995,Japan,18366.0,0.24100379142031228
2000,Japan,16111.0,0.20167470999637357
2005,Japan,23903.0,0.26922434487297303
2010,Japan,30494.0,0.2831878591215159
2015,Japan,37717.0,0.30447579499367106
2020,Japan,42564.0,0.30108488600417194
1990,Jordan,1987.0,0.027150368634232612
1995,Jordan,2672.0,0.03506273171485758
2000,Jordan,3177.0,0.0397691362211209
2005,Jordan,3932.0,0.04428691478226708
2010,Jordan,4780.0,0.04439030519449222
2015,Jordan,6336.0,0.05114825243470848
2020,Jordan,7761.0,0.054898970967916044
1990,Kazakhstan,297.0,0.004058208094799741
1995,Kazakhstan,353.0,0.004632164781191888
2000,Kazakhstan,380.0,0.00475677424111613
2005,Kazakhstan,670.0,0.007546346109898002
2010,Kazakhstan,1190.0,0.011051142924988648
2015,Kazakhstan,1920.0,0.015499470434760148
2020,Kazakhstan,2304.0,0.016297800426501554
1990,Kenya,4680.0,0.0639475214938141
1995,Kenya,6121.0,0.08032147486027069
2000,Kenya,7190.0,0.09000317577269729
2005,Kenya,10849.0,0.12219449096460212
2010,Kenya,15370.0,0.14273619055216433
2015,Kenya,19720.0,0.159192477590349
2020,Kenya,24557.0,0.1737088042854161
1990,Kiribati,364.0,0.004973696116185542
1995,Kiribati,387.0,0.0050783222955276515
2000,Kiribati,354.0,0.0044313107404081835
2005,Kiribati,407.0,0.004584123681684309
2010,Kiribati,529.0,0.004912650930520164
2015,Kiribati,568.0,0.004585260003616543
2020,Kiribati,709.0,0.005015251954162153
1990,Kuwait,919.0,0.012557216293336573
1995,Kuwait,1761.0,0.023108334786625825
2000,Kuwait,2510.0,0.03141974564526706
2005,Kuwait,3120.0,0.03514119382519667
2010,Kuwait,4320.0,0.040118434820126864
2015,Kuwait,6580.0,0.05311797680245925
2020,Kuwait,7754.0,0.05484945508120358
1990,Kyrgyzstan,101.0,0.0013800640322382959
1995,Kyrgyzstan,88.0,0.0011547606253396211
2000,Kyrgyzstan,100.0,0.0012517826950305606
2005,Kyrgyzstan,240.0,0.002703168755784359
2010,Kyrgyzstan,360.0,0.0033432029016772385
2015,Kyrgyzstan,490.0,0.003955594017204412
2020,Kyrgyzstan,602.0,0.004258366257271673
1990,Laos,11154.0,0.15240825956025694
1995,Laos,11297.0,0.14824239527797384
2000,Laos,10433.0,0.13059848857253836
2005,Laos,10583.0,0.11919847892694112
2010,Laos,11000.0,0.10215342199569338
2015,Laos,10825.0,0.08738633721681176
2020,Laos,11694.0,0.08271982560221752
1990,Latvia,10099.0,0.1379927392235104
1995,Latvia,9504.0,0.12471414753667906
2000,Latvia,7277.0,0.09109222671737388
2005,Latvia,6178.0,0.06958406905514904
2010,Latvia,5424.0,0.05037092371860373
2015,Latvia,4907.0,0.03961244865800419
2020,Latvia,4961.0,0.03509261628293151
1990,Lebanon,81858.0,1.1185077381283408
1995,Lebanon,79925.0,1.0487982156848774
2000,Lebanon,79070.0,0.9897845769606641
2005,Lebanon,84886.0,0.9560882625146295
2010,Lebanon,89640.0,0.8324575225176325
2015,Lebanon,93290.0,0.7530966650306115
2020,Lebanon,101508.0,0.7180369469155033
1990,Lesotho,43.0,0.0005875520137252151
1995,Lesotho,32.0,0.0004199129546689531
2000,Lesotho,70.0,0.0008762478865213922
2005,Lesotho,90.0,0.0010136882834191345
2010,Lesotho,110.0,0.001021534219956934
2015,Lesotho,150.0,0.0012108961277156364
2020,Lesotho,160.0,0.00113179169628483
1990,Liberia,63.0,0.000860832020109036
1995,Liberia,83.0,0.0010891492261725971
2000,Liberia,110.0,0.0013769609645336166
2005,Liberia,1700.0,0.019147445353472542
2010,Liberia,2930.0,0.027209956949761967
2015,Liberia,3520.0,0.028415695797060266
2020,Liberia,3973.0,0.028103802558372686
1990,Libya,-231.0,-0.003156384073733132
1995,Libya,374.0,0.004907732657693389
2000,Libya,849.0,0.010627635080809458
2005,Libya,962.0,0.010835201429435639
2010,Libya,1703.0,0.015815207059878714
2015,Libya,2044.0,0.016500477900338404
2020,Libya,2282.0,0.01614217906826239
1990,Liechtenstein,16.0,0.00021862400510705676
1995,Liechtenstein,8.0,0.00010497823866723827
2000,Liechtenstein,20.0,0.00025035653900611207
2005,Liechtenstein,20.0,0.00022526406298202991
2010,Liechtenstein,22.0,0.0002043068439913868
2015,Liechtenstein,8.0,6.45811268115006e-05
2020,Liechtenstein,11.0,7.781067911958206e-05
1990,Lithuania,4796.0,0.06553254553084026
1995,Lithuania,4818.0,0.06322314423734425
2000,Lithuania,3831.0,0.047955795046620765
2005,Lithuania,3267.0,0.03679688468811458
2010,Lithuania,3046.0,0.02828721121808019
2015,Lithuania,3329.0,0.026873821394435688
2020,Lithuania,3765.0,0.02663247335320241
1990,Luxembourg,51.0,0.0006968640162787434
1995,Luxembourg,81.0,0.0010629046665057876
2000,Luxembourg,83.0,0.0010389796368753651
2005,Luxembourg,112.0,0.0012614787526993674
2010,Luxembourg,160.0,0.0014858679563009949
2015,Luxembourg,174.0,0.0014046395081501383
2020,Luxembourg,14.0,9.903177342492264e-05
1990,Macao,1699.0,0.02321513654230559
1995,Macao,1947.0,0.025549078835639116
2000,Macao,2050.0,0.02566154524812649
2005,Macao,2100.0,0.02365272661311314
2010,Macao,2560.0,0.023773887300815918
2015,Macao,2780.0,0.02244194156699646
2020,Macao,3294.0,0.023300761547263942
1990,Madagascar,137.0,0.0018719680437291734
1995,Madagascar,153.0,0.0020077088145109318
2000,Madagascar,180.0,0.0022532088510550086
2005,Madagascar,220.0,0.002477904692802329
2010,Madagascar,260.0,0.0024145354289891166
2015,Madagascar,290.0,0.0023410658469168967
2020,Madagascar,343.0,0.0024262784489106045
1990,Malawi,360.0,0.004919040114908777
1995,Malawi,468.0,0.006141226962033439
2000,Malawi,540.0,0.006759626553165026
2005,Malawi,760.0,0.008560034393317137
2010,Malawi,1020.0,0.009472408221418843
2015,Malawi,1400.0,0.011301697192012607
2020,Malawi,1658.0,0.011728191452751552
1990,Malaysia,70284.0,0.9603605984340235
1995,Malaysia,78675.0,1.0323953658931213
2000,Malaysia,81661.0,1.022218266588906
2005,Malaysia,97368.0,1.0966755642217143
2010,Malaysia,125114.0,1.1618930217790167
2015,Malaysia,137609.0,1.1108680349254734
2020,Malaysia,171129.0,1.2105148824595418
1990,Maldives,43.0,0.0005875520137252151
1995,Maldives,70.0,0.000918559588338335
2000,Maldives,122.0,0.0015271748879372837
2005,Maldives,224.0,0.0025229575053987347
2010,Maldives,363.0,0.003371062925857882
2015,Maldives,532.0,0.004294644932964791
2020,Maldives,572.0,0.004046155314218268
1990,Mali,24.0,0.00032793600766058514
1995,Mali,12.0,0.00015746735800085742
2000,Mali,20.0,0.00025035653900611207
2005,Mali,40.0,0.00045052812596405983
2010,Mali,60.0,0.000557200483612873
2015,Mali,80.0,0.0006458112681150061
2020,Mali,96.0,0.000679075017770898
1990,Malta,53972.0,0.7374734252273792
1995,Malta,53428.0,0.7010971669391508
2000,Malta,48482.0,0.6068892862047163
2005,Malta,47356.0,0.5333802483288504
2010,Malta,45199.0,0.4197484109803042
2015,Malta,38064.0,0.3072770013691199
2020,Malta,32266.0,0.22823994295203953
1990,Islands.12,26.0,0.00035526400829896725
1995,Islands.12,18.0,0.0002362010370012861
2000,Islands.12,30.0,0.0003755348085091681
2005,Islands.12,40.0,0.00045052812596405983
2010,Islands.12,40.0,0.0003714669890752487
2015,Islands.12,50.0,0.00040363204257187876
2020,Islands.12,52.0,0.0003678323012925698
1990,Martinique,20.0,0.000273280006383821
1995,Martinique,20.0,0.00026244559666809567
2000,Martinique,40.0,0.0005007130780122241
2005,Martinique,30.0,0.00033789609447304486
2010,Martinique,40.0,0.0003714669890752487
2015,Martinique,40.0,0.0003229056340575031
2020,Martinique,42.0,0.0002970953202747679
1990,Mauritania,16.0,0.00021862400510705676
1995,Mauritania,8.0,0.00010497823866723827
2000,Mauritania,20.0,0.00025035653900611207
2005,Mauritania,20.0,0.00022526406298202991
2010,Mauritania,50.0,0.0004643337363440609
2015,Mauritania,60.0,0.0004843584510862546
2020,Mauritania,63.0,0.0004456429804121518
1990,Mauritius,20215.0,0.27621776645244706
1995,Mauritius,19621.0,0.25747225261123524
2000,Mauritius,18530.0,0.23195533338916285
2005,Mauritius,20307.0,0.22872186634880406
2010,Mauritius,26980.0,0.25055448413125525
2015,Mauritius,28660.0,0.23136188680220093
2020,Mauritius,31947.0,0.22598343325757167
1990,Mayotte,0.0,0.0
1995,Mayotte,0.0,0.0
2000,Mayotte,0.0,0.0
2005,Mayotte,0.0,0.0
2010,Mayotte,0.0,0.0
2015,Mayotte,0.0,0.0
2020,Mayotte,0.0,0.0
1990,Mexico,661.0,0.009031904210985282
1995,Mexico,793.0,0.010405967907889994
2000,Mexico,862.0,0.01079036683116343
2005,Mexico,1422.0,0.016016274878022325
2010,Mexico,2965.0,0.027534990565202814
2015,Mexico,4936.0,0.039846555242695876
2020,Mexico,6385.0,0.0451655623798665
1990,(country),0.0,0.0
1995,(country),0.0,0.0
2000,(country),0.0,0.0
2005,(country),0.0,0.0
2010,(country),0.0,0.0
2015,(country),0.0,0.0
2020,(country),0.0,0.0
1990,Moldova,15.0,0.0002049600047878657
1995,Moldova,316.0,0.004146640427355912
2000,Moldova,570.0,0.007135161361674195
2005,Moldova,810.0,0.00912319455077221
2010,Moldova,1000.0,0.009286674726881218
2015,Moldova,1160.0,0.009364263387667587
2020,Moldova,1269.0,0.008976522891159059
1990,Monaco,37.0,0.0005055680118100687
1995,Monaco,19.0,0.0002493233168346909
2000,Monaco,30.0,0.0003755348085091681
2005,Monaco,50.0,0.0005631601574550747
2010,Monaco,70.0,0.0006500672308816852
2015,Monaco,80.0,0.0006458112681150061
2020,Monaco,96.0,0.000679075017770898
1990,Mongolia,33.0,0.00045091201053330457
1995,Mongolia,77.0,0.0010104155471721684
2000,Mongolia,116.0,0.0014520679262354501
2005,Mongolia,149.0,0.0016782172692161226
2010,Mongolia,511.0,0.004745490785436303
2015,Mongolia,1547.0,0.012488375397173929
2020,Mongolia,3606.0,0.025507755355019358
1990,Montenegro,1297.0,0.01772220841399079
1995,Montenegro,3419.0,0.04486507475041096
2000,Montenegro,5330.0,0.06672001764512886
2005,Montenegro,4020.0,0.04527807665938801
2010,Montenegro,1758.0,0.01632597416985718
2015,Montenegro,1893.0,0.015281509131771332
2020,Montenegro,2060.0,0.014571818089667189
1990,Montserrat,0.0,0.0
1995,Montserrat,0.0,0.0
2000,Montserrat,0.0,0.0
2005,Montserrat,0.0,0.0
2010,Montserrat,0.0,0.0
2015,Montserrat,0.0,0.0
2020,Montserrat,0.0,0.0
1990,Morocco,984.0,0.013445376314083992
1995,Morocco,1212.0,0.015904203158086598
2000,Morocco,1380.0,0.017274601191421733
2005,Morocco,1560.0,0.017570596912598335
2010,Morocco,1800.0,0.016716014508386192
2015,Morocco,2170.0,0.01751763064761954
2020,Morocco,2497.0,0.01766302416014513
1990,Mozambique,386.0,0.005274304123207745
1995,Mozambique,528.0,0.006928563752037727
2000,Mozambique,630.0,0.00788623097869253
2005,Mozambique,770.0,0.008672666424808151
2010,Mozambique,860.0,0.007986540265117848
2015,Mozambique,1010.0,0.008153367259951952
2020,Mozambique,1108.0,0.007837657496772447
1990,Myanmar,9884.0,0.13505497915488432
1995,Myanmar,11346.0,0.1488853869898107
2000,Myanmar,12100.0,0.1514657060986978
2005,Myanmar,13328.0,0.15011597157122472
2010,Myanmar,23260.0,0.21600805414725713
2015,Myanmar,32160.0,0.2596161297822325
2020,Myanmar,38215.0,0.2703213729595299
1990,Namibia,-528.0,-0.007214592168532873
1995,Namibia,-364.0,-0.0047765098593593415
2000,Namibia,-255.0,-0.003192045872327929
2005,Namibia,183.0,0.0020611661762855735
2010,Namibia,554.0,0.005144817798692194
2015,Namibia,906.0,0.007313812611402444
2020,Namibia,1108.0,0.007837657496772447
1990,Nauru,261.0,0.0035663040833088635
1995,Nauru,305.0,0.00400229534918846
2000,Nauru,329.0,0.004118365066650544
2005,Nauru,409.0,0.004606650087982511
2010,Nauru,606.0,0.005627724884490018
2015,Nauru,652.0,0.0052633618351373
2020,Nauru,742.0,0.0052486839915209
1990,Nepal,404.0,0.0055202561289531835
1995,Nepal,1238.0,0.01624538243375512
2000,Nepal,2000.0,0.02503565390061121
2005,Nepal,3830.0,0.04313806806105872
2010,Nepal,27200.0,0.2525975525711691
2015,Nepal,50150.0,0.4048429386995944
2020,Nepal,79427.0,0.561842619130095
1990,Netherlands,97013.0,1.325585662965681
1995,Netherlands,91868.0,1.2055176037352309
2000,Netherlands,83613.0,1.0466530647959025
2005,Netherlands,81553.0,0.9185480064186742
2010,Netherlands,78533.0,0.7293104263261627
2015,Netherlands,70424.0,0.5685076593216398
2020,Netherlands,71531.0,0.5059886989184387
1990,Caledonia,964.0,0.013172096307700169
1995,Caledonia,990.0,0.012991057035070737
2000,Caledonia,912.0,0.011416258178678711
2005,Caledonia,943.0,0.01062120056960271
2010,Caledonia,1123.0,0.010428935718287609
2015,Caledonia,1302.0,0.010510578388571723
2020,Caledonia,1482.0,0.01048322058683824
1990,Zealand,250531.0,3.423255663967252
1995,Zealand,257694.0,3.3815327793894125
2000,Zealand,310316.0,3.8844819879110335
2005,Zealand,363477.0,4.093915291025964
2010,Zealand,454694.0,4.222595278264529
2015,Zealand,510269.0,4.1192183746222
2020,Zealand,525977.0,3.720602506480038
1990,Nicaragua,725.0,0.009906400231413509
1995,Nicaragua,785.0,0.010300989669222755
2000,Nicaragua,800.0,0.010014261560244484
2005,Nicaragua,770.0,0.008672666424808151
2010,Nicaragua,820.0,0.007615073276042599
2015,Nicaragua,860.0,0.006942471132236316
2020,Nicaragua,947.0,0.006698792102385838
1990,Niger,15.0,0.0002049600047878657
1995,Niger,7.0,9.185595883383348e-05
2000,Niger,20.0,0.00025035653900611207
2005,Niger,10.0,0.00011263203149101496
2010,Niger,20.0,0.00018573349453762436
2015,Niger,30.0,0.0002421792255431273
2020,Niger,42.0,0.0002970953202747679
1990,Nigeria,959.0,0.013103776306104214
1995,Nigeria,1431.0,0.018777982441602246
2000,Nigeria,1800.0,0.022532088510550087
2005,Nigeria,2580.0,0.029059064124681858
2010,Nigeria,4640.0,0.043090170732728854
2015,Nigeria,8360.0,0.06748727751801813
2020,Nigeria,12354.0,0.08738846634939244
1990,Niue,232.0,0.003170048074052323
1995,Niue,354.0,0.004645287061025294
2000,Niue,444.0,0.005557915165935689
2005,Niue,561.0,0.006318656966645939
2010,Niue,754.0,0.007002152744068439
2015,Niue,925.0,0.007467192787579758
2020,Niue,1040.0,0.007356646025851395
1990,Korea,-46.0,-0.0006285440146827882
1995,Korea,125.0,0.001640284979175598
2000,Korea,253.0,0.0031670102184273175
2005,Korea,275.0,0.003097380866002911
2010,Korea,47.0,0.0004364737121634172
2015,Korea,18.0,0.00014530753532587636
2020,Korea,64.0,0.00045271667851393203
1990,Macedonia,40724.0,0.5564527489987362
1995,Macedonia,46518.0,0.6104222132903238
2000,Macedonia,49560.0,0.6203835036571457
2005,Macedonia,51312.0,0.577937479986696
2010,Macedonia,51470.0,0.4779851481925763
2015,Macedonia,49990.0,0.4035513161633644
2020,Macedonia,53144.0,0.37592461192100635
1990,Islands.14,6.0,8.198400191514628e-05
1995,Islands.14,3.0,3.9366839500214356e-05
2000,Islands.14,0.0,0.0
2005,Islands.14,0.0,0.0
2010,Islands.14,0.0,0.0
2015,Islands.14,0.0,0.0
2020,Islands.14,0.0,0.0
1990,Norway,1825.0,0.02493680058252366
1995,Norway,2533.0,0.03323873481801432
2000,Norway,3013.0,0.03771621260127079
2005,Norway,3177.0,0.03578319640469545
2010,Norway,2580.0,0.023959620795353544
2015,Norway,2154.0,0.017388468393996537
2020,Norway,2291.0,0.01620584235117841
1990,Oman,45.0,0.0006148800143635972
1995,Oman,188.0,0.002466988608680099
2000,Oman,340.0,0.004256061163103906
2005,Oman,840.0,0.009461090645245255
2010,Oman,1250.0,0.011608343408601523
2015,Oman,1560.0,0.012593319728242618
2020,Oman,2260.0,0.015986557710023223
1990,Pakistan,5949.0,0.08128713789886755
1995,Pakistan,8707.0,0.11425569050945546
2000,Pakistan,10950.0,0.13707020510584636
2005,Pakistan,16808.0,0.1893119185300979
2010,Pakistan,30600.0,0.28417224664256524
2015,Pakistan,62270.0,0.5026833458190179
2020,Pakistan,82497.0,0.5835588723025602
1990,Palau,0.0,0.0
1995,Palau,0.0,0.0
2000,Palau,0.0,0.0
2005,Palau,0.0,0.0
2010,Palau,0.0,0.0
2015,Palau,0.0,0.0
2020,Palau,0.0,0.0
1990,Palestine,2753.0,0.03761699287873295
1995,Palestine,3005.0,0.039432450899381376
2000,Palestine,3060.0,0.03830455046793515
2005,Palestine,3260.0,0.03671804226607087
2010,Palestine,3070.0,0.028510091411525336
2015,Palestine,3190.0,0.025751724316085866
2020,Palestine,3424.0,0.024220342300495364
1990,Panama,3.0,4.099200095757314e-05
1995,Panama,59.0,0.0007742145101708823
2000,Panama,92.0,0.0011516400794281156
2005,Panama,40.0,0.00045052812596405983
2010,Panama,-18.0,-0.0001671601450838619
2015,Panama,-29.0,-0.0002341065846916897
2020,Panama,-46.0,-0.0003253901126818886
1990,Guinea.4,-13916.0,-0.1901482284418626
1995,Guinea.4,-14258.0,-0.18709746586468542
2000,Guinea.4,-10675.0,-0.13362780269451233
2005,Guinea.4,-10675.0,-0.12023469361665845
2010,Guinea.4,-9056.0,-0.08410012632663631
2015,Guinea.4,-9183.0,-0.07413106093875126
2020,Guinea.4,-9219.0,-0.06521242280031156
1990,Paraguay,277.0,0.0037849280884159203
1995,Paraguay,343.0,0.004500941982857842
2000,Paraguay,360.0,0.004506417702110017
2005,Paraguay,410.0,0.004617913291131613
2010,Paraguay,450.0,0.004179003627096548
2015,Paraguay,500.0,0.004036320425718788
2020,Paraguay,613.0,0.004336176936391255
1990,Peru,3429.0,0.0468538570945061
1995,Peru,4561.0,0.05985071832015922
2000,Peru,5340.0,0.06684519591463192
2005,Peru,6173.0,0.06952775303940352
2010,Peru,9045.0,0.08399797290464062
2015,Peru,10669.0,0.08612700524398749
2020,Peru,11578.0,0.08189927662241102
1990,Philippines,89637.0,1.2247999966113279
1995,Philippines,102223.0,1.3413988114101372
2000,Philippines,109784.0,1.3742571139123505
2005,Philippines,132618.0,1.493703475227542
2010,Philippines,179838.0,1.6700970095328644
2015,Philippines,237137.0,1.9143218335873524
2020,Philippines,282054.0,1.9951648443995094
1990,Poland,74091.0,1.0123794476491839
1995,Poland,73881.0,0.9694871563717788
2000,Poland,66249.0,0.829293517630796
2005,Poland,62496.0,0.703905144006247
2010,Poland,57998.0,0.5386085608096568
2015,Poland,53634.0,0.432968019426003
2020,Poland,56096.0,0.39680616871746144
1990,Polynesia.2,14402.0,0.19678893259698949
1995,Polynesia.2,21121.0,0.2771556723613425
2000,Polynesia.2,26443.0,0.33100889804693107
2005,Polynesia.2,31705.0,0.3570998558422629
2010,Polynesia.2,38405.0,0.3566547428858732
2015,Polynesia.2,49361.0,0.39847362506781014
2020,Polynesia.2,56493.0,0.39961442686386817
1990,Portugal,18767.0,0.25643229399025835
1995,Portugal,18200.0,0.23882549296796707
2000,Portugal,16805.0,0.21036208189988567
2005,Portugal,16933.0,0.19071981892373563
2010,Portugal,17409.0,0.16167172032027513
2015,Portugal,17938.0,0.14480703159308722
2020,Portugal,19173.0,0.13562401370543153
1990,Rico,46.0,0.0006285440146827882
1995,Rico,85.0,0.0011153937858394067
2000,Rico,140.0,0.0017524957730427845
2005,Rico,160.0,0.0018021125038562393
2010,Rico,150.0,0.0013930012090321827
2015,Rico,170.0,0.0013723489447443878
2020,Rico,204.0,0.0014430344127631584
1990,Qatar,97.0,0.0013254080309615317
1995,Qatar,183.0,0.0024013772095130754
2000,Qatar,250.0,0.003129456737576401
2005,Qatar,440.0,0.004955809385604658
2010,Qatar,660.0,0.006129205319741604
2015,Qatar,1100.0,0.008879904936581333
2020,Qatar,1507.0,0.010660063039382743
1990,Reunion,51.0,0.0006968640162787434
1995,Reunion,52.0,0.0006823585513370488
2000,Reunion,90.0,0.0011266044255275043
2005,Reunion,140.0,0.0015768484408742094
2010,Reunion,210.0,0.0019502016926450558
2015,Reunion,220.0,0.0017759809873162666
2020,Reunion,268.0,0.0018957510912770903
1990,Romania,12224.0,0.16702873990179137
1995,Romania,13109.0,0.1720199663361033
2000,Romania,14095.0,0.17643877086455748
2005,Romania,15616.0,0.17588618037636894
2010,Romania,16602.0,0.15417737381568197
2015,Romania,16997.0,0.1372106765518845
2020,Romania,17936.0,0.12687384915352945
1990,Russia,7604.0,0.10390105842712873
1995,Russia,12228.0,0.1604592378028737
2000,Russia,16101.0,0.2015495317268705
2005,Russia,17485.0,0.19693710706203965
2010,Russia,20247.0,0.188027303195164
2015,Russia,25217.0,0.20356778435070133
2020,Russia,28713.0,0.20310709359641455
1990,Rwanda,44.0,0.0006012160140444061
1995,Rwanda,27.0,0.0003543015555019292
2000,Rwanda,50.0,0.0006258913475152803
2005,Rwanda,180.0,0.002027376566838269
2010,Rwanda,620.0,0.0057577383306663555
2015,Rwanda,980.0,0.007911188034408824
2020,Rwanda,1173.0,0.00829744787338816
1990,Barthlemy,0.0,0.0
1995,Barthlemy,0.0,0.0
2000,Barthlemy,0.0,0.0
2005,Barthlemy,0.0,0.0
2010,Barthlemy,0.0,0.0
2015,Barthlemy,0.0,0.0
2020,Barthlemy,0.0,0.0
1990,Helena,31.0,0.00042358400989492246
1995,Helena,21.0,0.0002755678765015005
2000,Helena,21.0,0.0002628743659564177
2005,Helena,21.0,0.00023652726613113142
2010,Helena,21.0,0.00019502016926450556
2015,Helena,21.0,0.0001695254578801891
2020,Helena,20.0,0.00014147396203560375
1990,Nevis,17.0,0.0002322880054262478
1995,Nevis,19.0,0.0002493233168346909
2000,Nevis,19.0,0.0002378387120558065
2005,Nevis,19.0,0.0002140008598329284
2010,Nevis,19.0,0.00017644681981074313
2015,Nevis,19.0,0.00015338017617731395
2020,Nevis,18.0,0.0001273265658320434
1990,Lucia,9.0,0.00012297600287271943
1995,Lucia,4.0,5.2489119333619136e-05
2000,Lucia,0.0,0.0
2005,Lucia,0.0,0.0
2010,Lucia,0.0,0.0
2015,Lucia,1.0,8.072640851437575e-06
2020,Lucia,2.0,1.4147396203560376e-05
1990,part),0.0,0.0
1995,part),0.0,0.0
2000,part),0.0,0.0
2005,part),0.0,0.0
2010,part),0.0,0.0
2015,part),0.0,0.0
2020,part),0.0,0.0
1990,Miquelon,0.0,0.0
1995,Miquelon,0.0,0.0
2000,Miquelon,0.0,0.0
2005,Miquelon,0.0,0.0
2010,Miquelon,0.0,0.0
2015,Miquelon,0.0,0.0
2020,Miquelon,0.0,0.0
1990,Grenadines,22.0,0.00030060800702220303
1995,Grenadines,47.0,0.0006167471521700248
2000,Grenadines,47.0,0.0005883378666643634
2005,Grenadines,47.0,0.0005293705480077703
2010,Grenadines,47.0,0.0004364737121634172
2015,Grenadines,47.0,0.0003794141200175661
2020,Grenadines,47.0,0.00033246381078366885
1990,Samoa.2,5473.0,0.0747830737469326
1995,Samoa.2,9366.0,0.12290327291966921
2000,Samoa.2,12658.0,0.15845065353696833
2005,Samoa.2,16222.0,0.18271168148472444
2010,Samoa.2,20094.0,0.1866064419619512
2015,Samoa.2,27493.0,0.22194111492857327
2020,Samoa.2,32484.0,0.22978200913822763
1990,Marino,0.0,0.0
1995,Marino,0.0,0.0
2000,Marino,0.0,0.0
2005,Marino,0.0,0.0
2010,Marino,0.0,0.0
2015,Marino,0.0,0.0
2020,Marino,0.0,0.0
1990,Principe,0.0,0.0
1995,Principe,0.0,0.0
2000,Principe,0.0,0.0
2005,Principe,0.0,0.0
2010,Principe,0.0,0.0
2015,Principe,0.0,0.0
2020,Principe,0.0,0.0
1990,Arabia,586.0,0.008007104187045953
1995,Arabia,1090.0,0.014303285018411216
2000,Arabia,1530.0,0.019152275233967574
2005,Arabia,2960.0,0.033339081321340426
2010,Arabia,12600.0,0.11701210155870335
2015,Arabia,14480.0,0.1168918395288161
2020,Arabia,15444.0,0.10924619348389322
1990,Senegal,149.0,0.0020359360475594663
1995,Senegal,195.0,0.002558844567513933
2000,Senegal,240.0,0.003004278468073345
2005,Senegal,280.0,0.0031536968817484187
2010,Senegal,370.0,0.003436069648946051
2015,Senegal,430.0,0.003471235566118158
2020,Senegal,483.0,0.003416596183159831
1990,Serbia,44230.0,0.60435873411782
1995,Serbia,49135.0,0.6447632196143441
2000,Serbia,51345.0,0.6427278247634413
2005,Serbia,38578.0,0.4345118510860375
2010,Serbia,34479.0,0.3201952579081375
2015,Serbia,33145.0,0.26756768102089845
2020,Serbia,34966.0,0.24733892782684608
1990,Seychelles,2543.0,0.03474755281170283
1995,Seychelles,2738.0,0.0359288021838623
2000,Seychelles,2739.0,0.034286328016887045
2005,Seychelles,2842.0,0.03201002334974645
2010,Seychelles,2924.0,0.027154236901400678
2015,Seychelles,2979.0,0.024048397096432538
2020,Seychelles,3181.0,0.022501433661762778
1990,Leone,120.0,0.0016396800383029256
1995,Leone,195.0,0.002558844567513933
2000,Leone,260.0,0.003254635007079457
2005,Leone,1835.0,0.020667977778601243
2010,Leone,3320.0,0.030831760093245644
2015,Leone,3990.0,0.032209836997235924
2020,Leone,4447.0,0.0314567354586165
1990,Singapore,24238.0,0.3311880397365526
1995,Singapore,26235.0,0.3442630114293745
2000,Singapore,29652.0,0.37117860473046177
2005,Singapore,36597.0,0.41219944564766736
2010,Singapore,44844.0,0.4164516414522613
2015,Singapore,49493.0,0.3995392136601999
2020,Singapore,55761.0,0.39443647985336505
1990,part).2,0.0,0.0
1995,part).2,0.0,0.0
2000,part).2,0.0,0.0
2005,part).2,0.0,0.0
2010,part).2,0.0,0.0
2015,part).2,0.0,0.0
2020,part).2,0.0,0.0
1990,Slovakia,2679.0,0.03660585685511281
1995,Slovakia,4586.0,0.06017877531599434
2000,Slovakia,6184.0,0.07741024186068986
2005,Slovakia,5861.0,0.06601363365688387
2010,Slovakia,5768.0,0.05356553982465087
2015,Slovakia,6432.0,0.05192322595644649
2020,Slovakia,6947.0,0.04914098071306697
1990,Slovenia,7001.0,0.09566166623465652
1995,Slovenia,7965.0,0.10451895887306911
2000,Slovenia,8337.0,0.10436112328469783
2005,Slovenia,8424.0,0.09488122332803099
2010,Slovenia,7987.0,0.07417267104360029
2015,Slovenia,7697.0,0.06213511663351502
2020,Slovenia,8082.0,0.057169628058587475
1990,Islands.16,692.0,0.009455488220880204
1995,Islands.16,907.0,0.01190190780889814
2000,Islands.16,1060.0,0.01326889656732394
2005,Islands.16,1331.0,0.014991323391454089
2010,Islands.16,1632.0,0.015155853154270147
2015,Islands.16,2021.0,0.01631480716075534
2020,Islands.16,2356.0,0.016665632727794123
1990,Somalia,361.0,0.004932704115227968
1995,Somalia,2113.0,0.02772737728798431
2000,Somalia,3750.0,0.04694185106364601
2005,Somalia,4500.0,0.050684414170956725
2010,Somalia,6190.0,0.05748451655939473
2015,Somalia,8650.0,0.06982834336493503
2020,Somalia,10155.0,0.07183340422357781
1990,Africa,54485.0,0.7444830573911242
1995,Africa,57994.0,0.7610134966584771
2000,Africa,77622.0,0.9716587635366216
2005,Africa,110148.0,1.2406193004672315
2010,Africa,149712.0,1.3903266467108408
2015,Africa,172558.0,1.3929987600423652
2020,Africa,193919.0,1.3717244621991123
1990,Korea.2,23420.0,0.3200108874754543
1995,Korea.2,28151.0,0.3694052995901781
2000,Korea.2,35032.0,0.4385245137231059
2005,Korea.2,48987.0,0.5517505326650349
2010,Korea.2,80134.0,0.7441783925638995
2015,Korea.2,103008.0,0.8315465888248817
2020,Korea.2,117792.0,0.8332250468048918
1990,Sudan,0.0,0.0
1995,Sudan,0.0,0.0
2000,Sudan,0.0,0.0
2005,Sudan,0.0,0.0
2010,Sudan,0.0,0.0
2015,Sudan,7480.0,0.06038335356875307
2020,Sudan,9510.0,0.06727086894792958
1990,Spain,12739.0,0.17406570006617475
1995,Spain,12298.0,0.16137779739121202
2000,Spain,9899.0,0.12391396898107516
2005,Spain,9688.0,0.1091179121084953
2010,Spain,9296.0,0.0863289282610878
2015,Spain,11354.0,0.09165676422722223
2020,Spain,11341.0,0.08022281017228912
1990,Lanka,46609.0,0.6368653908771755
1995,Lanka,52424.0,0.6879223979864124
2000,Lanka,58060.0,0.7267850327347434
2005,Lanka,70355.0,0.7924226575550357
2010,Lanka,96015.0,0.8916600739015003
2015,Lanka,119231.0,0.9625090413577536
2020,Lanka,138982.0,0.9831167095816141
1990,Sudan.2,1218.0,0.016642752388774697
1995,Sudan.2,2734.0,0.03587631306452868
2000,Sudan.2,4090.0,0.051197912226749916
2005,Sudan.2,18831.0,0.21209737850073027
2010,Sudan.2,25440.0,0.23625300505185817
2015,Sudan.2,19730.0,0.15927320399886336
2020,Sudan.2,20992.0,0.1484910705525697
1990,Suriname,68.0,0.0009291520217049912
1995,Suriname,76.0,0.0009972932673387635
2000,Suriname,90.0,0.0011266044255275043
2005,Suriname,100.0,0.0011263203149101495
2010,Suriname,120.0,0.001114400967225746
2015,Suriname,170.0,0.0013723489447443878
2020,Suriname,181.0,0.0012803393564222141
1990,Sweden,3934.0,0.05375417725569759
1995,Sweden,4524.0,0.05936519396632325
2000,Sweden,4870.0,0.0609618172479883
2005,Sweden,5920.0,0.06667816264268085
2010,Sweden,6903.0,0.06410591563966105
2015,Sweden,7790.0,0.06288587223269872
2020,Sweden,7564.0,0.053505452441865345
1990,Switzerland,6872.0,0.09389901019348088
1995,Switzerland,7199.0,0.09446729252068103
2000,Switzerland,7951.0,0.09952924208187985
2005,Switzerland,7711.0,0.08685055948272162
2010,Switzerland,8620.0,0.0800511361457161
2015,Switzerland,8287.0,0.06689797473586319
2020,Switzerland,8821.0,0.06239709095580304
1990,Syria,5351.0,0.0731160657079913
1995,Syria,6538.0,0.08579346555080049
2000,Syria,7320.0,0.09163049327623703
2005,Syria,8259.0,0.09302279480842925
2010,Syria,9330.0,0.08664467520180176
2015,Syria,14170.0,0.11438932086487044
2020,Syria,26291.0,0.1859745967939029
1990,Taiwan,0.0,0.0
1995,Taiwan,0.0,0.0
2000,Taiwan,0.0,0.0
2005,Taiwan,0.0,0.0
2010,Taiwan,0.0,0.0
2015,Taiwan,0.0,0.0
2020,Taiwan,0.0,0.0
1990,Tajikistan,41.0,0.000560224013086833
1995,Tajikistan,26.0,0.0003411792756685244
2000,Tajikistan,50.0,0.0006258913475152803
2005,Tajikistan,70.0,0.0007884242204371047
2010,Tajikistan,100.0,0.0009286674726881218
2015,Tajikistan,160.0,0.0012916225362300123
2020,Tajikistan,171.0,0.0012096023754044121
1990,Tanzania,1422.0,0.01943020845388967
1995,Tanzania,1768.0,0.02320019074545966
2000,Tanzania,1970.0,0.024660119092102042
2005,Tanzania,2300.0,0.025905367242933436
2010,Tanzania,3820.0,0.03547509745668625
2015,Tanzania,4500.0,0.03632688383146909
2020,Tanzania,5061.0,0.03579998609310953
1990,Thailand,15241.0,0.20825302886479077
1995,Thailand,17929.0,0.2352693551331144
2000,Thailand,21445.0,0.2684447989493037
2005,Thailand,30143.0,0.3395067325233664
2010,Thailand,50260.0,0.46674827177304995
2015,Thailand,64995.0,0.5246812921391852
2020,Thailand,80822.0,0.5717104279820784
1990,Timor-Leste,9093.0,0.12424675490240418
1995,Timor-Leste,4453.0,0.0584335120981515
2000,Timor-Leste,-482.0,-0.006033592590047301
2005,Timor-Leste,10187.0,0.11473825047989693
2010,Timor-Leste,10037.0,0.09321035423370679
2015,Timor-Leste,9438.0,0.07618958435586784
2020,Timor-Leste,10002.0,0.07075112841400544
1990,Togo,12.0,0.00016396800383029257
1995,Togo,6.0,7.873367900042871e-05
2000,Togo,20.0,0.00025035653900611207
2005,Togo,30.0,0.00033789609447304486
2010,Togo,280.0,0.002600268923526741
2015,Togo,370.0,0.002986877115031903
2020,Togo,408.0,0.002886068825526317
1990,Tokelau,46.0,0.0006285440146827882
1995,Tokelau,175.0,0.002296398970845837
2000,Tokelau,259.0,0.0032421171801291517
2005,Tokelau,400.0,0.004505281259640598
2010,Tokelau,537.0,0.004986944328335214
2015,Tokelau,631.0,0.005093836377257111
2020,Tokelau,680.0,0.004810114709210528
1990,Tonga,6163.0,0.08421123396717443
1995,Tonga,7354.0,0.09650124589485878
2000,Tonga,8090.0,0.10126922002797233
2005,Tonga,8719.0,0.09820386825701594
2010,Tonga,10060.0,0.09342394775242505
2015,Tonga,11880.0,0.0959029733150784
2020,Tonga,13236.0,0.09362746807516258
1990,Tobago,920.0,0.012570880293655764
1995,Tobago,1205.0,0.015812347199252764
2000,Tobago,1410.0,0.0176501359999309
2005,Tobago,1560.0,0.017570596912598335
2010,Tobago,1690.0,0.01569448028842926
2015,Tobago,1910.0,0.01541874402624577
2020,Tobago,2013.0,0.01423935427888352
1990,Tunisia,411.0,0.005615904131187521
1995,Tunisia,469.0,0.006154349241866844
2000,Tunisia,500.0,0.006258913475152802
2005,Tunisia,540.0,0.006082129700514807
2010,Tunisia,570.0,0.005293404594322294
2015,Tunisia,660.0,0.0053279429619488
2020,Tunisia,753.0,0.005326494670640482
1990,Turkey,30336.0,0.41451111368297966
1995,Turkey,29901.0,0.39236928929863646
2000,Turkey,31324.0,0.39210841139137276
2005,Turkey,34624.0,0.38997714583449017
2010,Turkey,36892.0,0.3426040040241019
2015,Turkey,36820.0,0.29723463614993156
2020,Turkey,39619.0,0.28025284509442927
1990,Turkmenistan,25.0,0.0003416000079797762
1995,Turkmenistan,18.0,0.0002362010370012861
2000,Turkmenistan,30.0,0.0003755348085091681
2005,Turkmenistan,60.0,0.0006757921889460897
2010,Turkmenistan,90.0,0.0008358007254193096
2015,Turkmenistan,100.0,0.0008072640851437575
2020,Turkmenistan,127.0,0.0008983596589260839
1990,Islands.18,0.0,0.0
1995,Islands.18,0.0,0.0
2000,Islands.18,0.0,0.0
2005,Islands.18,0.0,0.0
2010,Islands.18,0.0,0.0
2015,Islands.18,0.0,0.0
2020,Islands.18,0.0,0.0
1990,Tuvalu,71.0,0.0009701440226625644
1995,Tuvalu,88.0,0.0011547606253396211
2000,Tuvalu,120.0,0.0015021392340366724
2005,Tuvalu,140.0,0.0015768484408742094
2010,Tuvalu,150.0,0.0013930012090321827
2015,Tuvalu,200.0,0.001614528170287515
2020,Tuvalu,214.0,0.0015137713937809602
1990,Uganda,925.0,0.012639200295251719
1995,Uganda,1218.0,0.015982936837087028
2000,Uganda,1420.0,0.017775314269433958
2005,Uganda,1880.0,0.02117482192031081
2010,Uganda,2860.0,0.02655988971888028
2015,Uganda,3800.0,0.03067603523546279
2020,Uganda,4480.0,0.031690167495975245
1990,Ukraine,12428.0,0.16981619596690634
1995,Ukraine,16704.0,0.2191945623371935
2000,Ukraine,17040.0,0.21330377123320748
2005,Ukraine,16798.0,0.18919928649860693
2010,Ukraine,16360.0,0.15192999853177672
2015,Ukraine,17090.0,0.13796143215106818
2020,Ukraine,18568.0,0.13134442635385454
1990,Emirates,561.0,0.007665504179066179
1995,Emirates,1005.0,0.013187891232571807
2000,Emirates,1390.0,0.01739977946092479
2005,Emirates,2800.0,0.03153696881748418
2010,Emirates,5240.0,0.04866217556885758
2015,Emirates,8090.0,0.06530766448812998
2020,Emirates,11136.0,0.07877270206142417
1990,Kingdom,1038777.0,14.193849259568319
1995,Kingdom,1012598.0,13.287594314746018
2000,Kingdom,1024215.0,12.820946129907254
2005,Kingdom,1008761.0,11.361880071890774
2010,Kingdom,1061627.0,9.858984630274726
2015,Kingdom,1077828.0,8.70091834362326
2020,Kingdom,1144914.0,8.098775988501563
1990,States,11308.0,0.15451251560941237
1995,States,2928.0,0.038422035352209206
2000,States,-2823.0,-0.03533782548071272
2005,States,3009.0,0.033890978275646404
2010,States,10641.0,0.09881950576874304
2015,States,15357.0,0.12397154555552686
2020,States,13174.0,0.09318889879285219
1990,Islands.20,0.0,0.0
1995,Islands.20,0.0,0.0
2000,Islands.20,0.0,0.0
2005,Islands.20,0.0,0.0
2010,Islands.20,0.0,0.0
2015,Islands.20,0.0,0.0
2020,Islands.20,0.0,0.0
1990,Uruguay,11795.0,0.1611668837648584
1995,Uruguay,11366.0,0.14914783258647876
2000,Uruguay,10570.0,0.13231343086473024
2005,Uruguay,10789.0,0.12151869877565602
2010,Uruguay,10630.0,0.09871735234674733
2015,Uruguay,10580.0,0.08540854020820955
2020,Uruguay,11449.0,0.08098676956728137
1990,Uzbekistan,245.0,0.0033476800782018066
1995,Uzbekistan,383.0,0.005025833176194032
2000,Uzbekistan,490.0,0.006133735205649747
2005,Uzbekistan,760.0,0.008560034393317137
2010,Uzbekistan,1300.0,0.012072677144945584
2015,Uzbekistan,1840.0,0.01485365916664514
2020,Uzbekistan,2185.0,0.01545603035238971
1990,Vanuatu,419.0,0.005725216133741049
1995,Vanuatu,560.0,0.00734847670670668
2000,Vanuatu,610.0,0.007635874439686418
2005,Vanuatu,631.0,0.007107081187083043
2010,Vanuatu,688.0,0.006389232212094279
2015,Vanuatu,729.0,0.005884955180697993
2020,Vanuatu,927.0,0.006557318140350234
1990,Vatican,0.0,0.0
1995,Vatican,0.0,0.0
2000,Vatican,0.0,0.0
2005,Vatican,0.0,0.0
2010,Vatican,0.0,0.0
2015,Vatican,0.0,0.0
2020,Vatican,0.0,0.0
1990,Venezuela,475.0,0.006490400151615748
1995,Venezuela,786.0,0.01031411194905616
2000,Venezuela,1043.0,0.013056093509168745
2005,Venezuela,1447.0,0.016297854956749864
2010,Venezuela,3209.0,0.02980093919856183
2015,Venezuela,5612.0,0.045303660458267676
2020,Venezuela,7423.0,0.052508061009514335
1990,Vietnam,136902.0,1.8706289716978928
1995,Vietnam,157370.0,2.065053177382911
2000,Vietnam,163655.0,2.0486049695522635
2005,Vietnam,174375.0,1.9640210491245733
2010,Vietnam,203738.0,1.8920485355053256
2015,Vietnam,235553.0,1.9015347704786751
2020,Vietnam,269775.0,1.9083069054077504
1990,Futuna,0.0,0.0
1995,Futuna,0.0,0.0
2000,Futuna,0.0,0.0
2005,Futuna,0.0,0.0
2010,Futuna,0.0,0.0
2015,Futuna,0.0,0.0
2020,Futuna,0.0,0.0
1990,Sahara,0.0,0.0
1995,Sahara,0.0,0.0
2000,Sahara,0.0,0.0
2005,Sahara,0.0,0.0
2010,Sahara,0.0,0.0
2015,Sahara,0.0,0.0
2020,Sahara,0.0,0.0
1990,Yemen,221.0,0.0030197440705412217
1995,Yemen,314.0,0.004120395867689103
2000,Yemen,390.0,0.004881952510619185
2005,Yemen,520.0,0.005856865637532778
2010,Yemen,590.0,0.005479138088859919
2015,Yemen,710.0,0.005731575004520679
2020,Yemen,903.0,0.00638754938590751
1990,Zambia,2231.0,0.030484384712115224
1995,Zambia,2898.0,0.038028366957207065
2000,Zambia,3367.0,0.04214752334167897
2005,Zambia,4392.0,0.04946798823085377
2010,Zambia,5906.0,0.05484710093696047
2015,Zambia,7078.0,0.05713815194647516
2020,Zambia,7830.0,0.055387056136938874
1990,Zimbabwe,8265.0,0.112932962638114
1995,Zimbabwe,10498.0,0.13775769369108343
2000,Zimbabwe,12110.0,0.15159088436820087
2005,Zimbabwe,21677.0,0.24415245466307312
2010,Zimbabwe,33710.0,0.3130538050431658
2015,Zimbabwe,40170.0,0.3242779830022474
2020,Zimbabwe,45917.0,0.3248029957394409
